"Category","RGS","AC","PValue","Bonferroni"
"Extracellular material: collagen",89,184,4.94870519844686e-105,2.87024901509918e-103
"Cytoskeleton: cadherin",5,11,2.36961645579755e-07,1.37437754436258e-05
"Signaling: hedgehog-like",9,89,3.09600051812501e-07,1.79568030051251e-05
"Transcription: chromatin structure",8,105,9.74797174362639e-06,0.000565382361130331
