"Category","RGS","AC","PValue","Bonferroni"
"Extracellular material: collagen",89,184,4.94870519844686e-105,3.71152889883515e-103
"Cytoskeleton: cadherin",5,11,2.36961645579755e-07,1.77721234184816e-05
"Signaling: hedgehog-like",9,89,3.09600051812501e-07,2.32200038859376e-05
"Transcription: chromatin structure: histone",8,85,2.28082938539356e-06,0.000171062203904517
