"Category","RGS","AC","PValue","Bonferroni"
"Extracellular material: collagen",66,184,7.94687844571615e-76,4.76812706742969e-74
"Signaling: hedgehog-like",11,89,5.71248687035746e-10,3.42749212221448e-08
"Transcription: chromatin structure",8,105,3.62454642642582e-06,0.000217472785585549
