"Category","RGS","AC","PValue","Bonferroni"
"Extracellular material",69,495,7.17756670800411e-55,1.50728900868086e-53
"Proteolysis general",13,394,2.97913199354635e-05,0.000625617718644734
